source,target
Daddy Yankee,
Daddy Yankee,May-Be
Daddy Yankee,May-Be
Daddy Yankee,May-Be
Daddy Yankee,May-Be
Daddy Yankee,May-Be
Daddy Yankee,May-Be
Daddy Yankee,May-Be
Daddy Yankee,May-Be
Daddy Yankee,May-Be
Daddy Yankee,May-Be
Daddy Yankee,May-Be
Daddy Yankee,May-Be
Daddy Yankee,May-Be
Daddy Yankee,May-Be
Daddy Yankee,May-Be
Daddy Yankee,May-Be
Daddy Yankee,May-Be
Daddy Yankee,May-Be
Daddy Yankee,May-Be
Daddy Yankee,May-Be
Daddy Yankee,May-Be
Daddy Yankee,May-Be
Daddy Yankee,May-Be
Daddy Yankee,May-Be
Daddy Yankee,May-Be
Daddy Yankee,May-Be
Daddy Yankee,May-Be
Daddy Yankee,May-Be
Daddy Yankee,May-Be
Daddy Yankee,May-Be
Daddy Yankee,May-Be
Daddy Yankee,May-Be
Daddy Yankee,May-Be
Daddy Yankee,May-Be
Daddy Yankee,May-Be
Daddy Yankee,May-Be
Daddy Yankee,May-Be
Daddy Yankee,May-Be
Daddy Yankee,May-Be
Daddy Yankee,May-Be
Daddy Yankee,May-Be
Daddy Yankee,May-Be
Daddy Yankee,May-Be
Daddy Yankee,May-Be
Daddy Yankee,May-Be
Daddy Yankee,May-Be
Daddy Yankee,May-Be
Daddy Yankee,May-Be
Daddy Yankee,May-Be
Daddy Yankee,May-Be
Daddy Yankee,May-Be
Daddy Yankee,May-Be
Daddy Yankee,May-Be
Daddy Yankee,May-Be
Daddy Yankee,May-Be
Daddy Yankee,May-Be
Daddy Yankee,May-Be
Daddy Yankee,May-Be
Daddy Yankee,May-Be
Daddy Yankee,May-Be
Daddy Yankee,May-Be
Daddy Yankee,May-Be
Daddy Yankee,May-Be
Daddy Yankee,May-Be
Daddy Yankee,May-Be
Daddy Yankee,May-Be
Daddy Yankee,May-Be
Daddy Yankee,
Daddy Yankee,
Daddy Yankee,
Daddy Yankee,
Daddy Yankee,
Daddy Yankee,
Daddy Yankee,
Daddy Yankee,
Daddy Yankee,
Daddy Yankee,
Daddy Yankee,
Daddy Yankee,
Daddy Yankee,
Daddy Yankee,
Daddy Yankee,
Daddy Yankee,
Daddy Yankee,
Daddy Yankee,
Daddy Yankee,
Daddy Yankee,
Daddy Yankee,
Daddy Yankee,
Daddy Yankee,
Daddy Yankee,
Daddy Yankee,
Daddy Yankee,
Daddy Yankee,
Daddy Yankee,
Daddy Yankee,
Daddy Yankee,
Daddy Yankee,
Daddy Yankee,
Daddy Yankee,
Daddy Yankee,
Daddy Yankee,
Daddy Yankee,
Daddy Yankee,
Daddy Yankee,
Daddy Yankee,
Daddy Yankee,
Daddy Yankee,
Daddy Yankee,
Daddy Yankee,
Daddy Yankee,
Daddy Yankee,
Daddy Yankee,
Daddy Yankee,
Daddy Yankee,
Daddy Yankee,
Daddy Yankee,
Daddy Yankee,
Daddy Yankee,
Daddy Yankee,
Daddy Yankee,
Daddy Yankee,
Daddy Yankee,
Daddy Yankee,
Daddy Yankee,
Daddy Yankee,
Daddy Yankee,
Daddy Yankee,
Daddy Yankee,
Daddy Yankee,
Daddy Yankee,
Daddy Yankee,
Daddy Yankee,
Daddy Yankee,
Daddy Yankee,
Daddy Yankee,
Daddy Yankee,
Daddy Yankee,
Daddy Yankee,
Daddy Yankee,
Daddy Yankee,
Daddy Yankee,
Daddy Yankee,
Daddy Yankee,
Daddy Yankee,
Daddy Yankee,
Daddy Yankee,
Daddy Yankee,
Daddy Yankee,
Daddy Yankee,
Daddy Yankee,
Daddy Yankee,
Daddy Yankee,
Daddy Yankee,
Daddy Yankee,
Daddy Yankee,
Daddy Yankee,
Daddy Yankee,
Daddy Yankee,
Daddy Yankee,
Daddy Yankee,
Daddy Yankee,
Daddy Yankee,
Daddy Yankee,
Daddy Yankee,
Daddy Yankee,
Daddy Yankee,
Daddy Yankee,
Daddy Yankee,
Daddy Yankee,
Daddy Yankee,
Daddy Yankee,
Daddy Yankee,
Daddy Yankee,
Daddy Yankee,
Daddy Yankee,
Daddy Yankee,
Daddy Yankee,
Daddy Yankee,
Daddy Yankee,
Daddy Yankee,
Daddy Yankee,
Daddy Yankee,
Daddy Yankee,
Daddy Yankee,
Daddy Yankee,
Daddy Yankee,
Daddy Yankee,
Daddy Yankee,
Daddy Yankee,
Daddy Yankee,Blacka Nice
Daddy Yankee,Glory
Daddy Yankee,Glory
Daddy Yankee,Glory
Daddy Yankee,Glory
Daddy Yankee,
Daddy Yankee,
Daddy Yankee,
Daddy Yankee,
Daddy Yankee,
Daddy Yankee,
Daddy Yankee,
Daddy Yankee,
Daddy Yankee,Glory
Daddy Yankee,Glory
Daddy Yankee,Glory
Daddy Yankee,Glory
Daddy Yankee,Blacka Nice
Daddy Yankee,Blacka Nice
Daddy Yankee,Blacka Nice
Daddy Yankee,Blacka Nice
Daddy Yankee,Blacka Nice
Daddy Yankee,Blacka Nice
Daddy Yankee,Blacka Nice
Daddy Yankee,Blacka Nice
Daddy Yankee,Blacka Nice
Daddy Yankee,Blacka Nice
Daddy Yankee,
Daddy Yankee,
Daddy Yankee,Blacka Nice
Daddy Yankee,Blacka Nice
Daddy Yankee,Blacka Nice
Daddy Yankee,Blacka Nice
Daddy Yankee,Blacka Nice
Daddy Yankee,Blacka Nice
Daddy Yankee,Blacka Nice
Daddy Yankee,Blacka Nice
Daddy Yankee,Blacka Nice
Daddy Yankee,Blacka Nice
Daddy Yankee,Blacka Nice
Daddy Yankee,Blacka Nice
Daddy Yankee,Glory
Daddy Yankee,Glory
Daddy Yankee,Glory
Daddy Yankee,Glory
Daddy Yankee,
Daddy Yankee,
Daddy Yankee,
Daddy Yankee,
Daddy Yankee,
Daddy Yankee,
Daddy Yankee,
Daddy Yankee,
Daddy Yankee,Blacka Nice
Daddy Yankee,Blacka Nice
Daddy Yankee,Blacka Nice
Daddy Yankee,Blacka Nice
Daddy Yankee,
Daddy Yankee,
Daddy Yankee,
Daddy Yankee,
Daddy Yankee,
Daddy Yankee,
Daddy Yankee,
Daddy Yankee,
Daddy Yankee,
Daddy Yankee,
Daddy Yankee,
Daddy Yankee,
Daddy Yankee,
Daddy Yankee,
Daddy Yankee,
Daddy Yankee,
Daddy Yankee,
Daddy Yankee,
Daddy Yankee,
Daddy Yankee,
Daddy Yankee,
Daddy Yankee,
Daddy Yankee,
Daddy Yankee,
Daddy Yankee,
Daddy Yankee,
Daddy Yankee,
Daddy Yankee,
Daddy Yankee,
Daddy Yankee,
Daddy Yankee,
Daddy Yankee,
Daddy Yankee,
Daddy Yankee,
Daddy Yankee,
Daddy Yankee,
Daddy Yankee,
Daddy Yankee,
Daddy Yankee,
Daddy Yankee,
Daddy Yankee,
Daddy Yankee,
Daddy Yankee,
Daddy Yankee,
Daddy Yankee,
Daddy Yankee,
Daddy Yankee,
Daddy Yankee,
Daddy Yankee,
Daddy Yankee,
Daddy Yankee,
Daddy Yankee,
Daddy Yankee,
Daddy Yankee,
Daddy Yankee,
Daddy Yankee,
Daddy Yankee,
Daddy Yankee,
Daddy Yankee,
Daddy Yankee,
Daddy Yankee,
Daddy Yankee,
Daddy Yankee,
Daddy Yankee,
Daddy Yankee,
Daddy Yankee,
Daddy Yankee,
Daddy Yankee,
Daddy Yankee,
Daddy Yankee,
Daddy Yankee,
Daddy Yankee,
Daddy Yankee,
Daddy Yankee,
Daddy Yankee,
Daddy Yankee,
Daddy Yankee,
Daddy Yankee,
Daddy Yankee,
Daddy Yankee,
Daddy Yankee,
Daddy Yankee,
Daddy Yankee,
Daddy Yankee,
Daddy Yankee,
Daddy Yankee,
Daddy Yankee,
Daddy Yankee,
Daddy Yankee,
Daddy Yankee,
Daddy Yankee,
Daddy Yankee,
Daddy Yankee,
Daddy Yankee,
Daddy Yankee,
Daddy Yankee,
Daddy Yankee,
Daddy Yankee,
Daddy Yankee,
Daddy Yankee,
Daddy Yankee,
Daddy Yankee,
Daddy Yankee,
Daddy Yankee,
Daddy Yankee,
Daddy Yankee,
Daddy Yankee,
Daddy Yankee,
Daddy Yankee,
Daddy Yankee,
Daddy Yankee,
Daddy Yankee,
Daddy Yankee,
Daddy Yankee,
Daddy Yankee,
Daddy Yankee,
Daddy Yankee,
Daddy Yankee,
Daddy Yankee,
Daddy Yankee,
Daddy Yankee,
Daddy Yankee,
Daddy Yankee,
Daddy Yankee,
Daddy Yankee,
Daddy Yankee,
Daddy Yankee,
Daddy Yankee,
Daddy Yankee,
Daddy Yankee,
Daddy Yankee,
Daddy Yankee,
Daddy Yankee,
Daddy Yankee,
Daddy Yankee,
Daddy Yankee,
Daddy Yankee,
Daddy Yankee,
Daddy Yankee,
Daddy Yankee,
Daddy Yankee,
Daddy Yankee,
Daddy Yankee,
Daddy Yankee,
Daddy Yankee,
Daddy Yankee,
Daddy Yankee,
Daddy Yankee,
Daddy Yankee,
Daddy Yankee,
Daddy Yankee,
Daddy Yankee,
Daddy Yankee,
Daddy Yankee,
Daddy Yankee,
Daddy Yankee,
Daddy Yankee,
Daddy Yankee,
Daddy Yankee,
Daddy Yankee,
Daddy Yankee,
Daddy Yankee,
Daddy Yankee,
Daddy Yankee,
Daddy Yankee,
Daddy Yankee,
Daddy Yankee,
Daddy Yankee,
Daddy Yankee,
Daddy Yankee,
Daddy Yankee,
Daddy Yankee,
Daddy Yankee,
Daddy Yankee,
Daddy Yankee,
Daddy Yankee,
Daddy Yankee,
Daddy Yankee,
Daddy Yankee,
Daddy Yankee,
Daddy Yankee,
Daddy Yankee,
Daddy Yankee,
Daddy Yankee,
Daddy Yankee,
Daddy Yankee,
Daddy Yankee,
Daddy Yankee,
Daddy Yankee,
Daddy Yankee,
Daddy Yankee,
Daddy Yankee,
Daddy Yankee,
Daddy Yankee,
Daddy Yankee,
Daddy Yankee,
Daddy Yankee,
Daddy Yankee,
Daddy Yankee,
Daddy Yankee,
Daddy Yankee,
Daddy Yankee,
Daddy Yankee,
Daddy Yankee,
Daddy Yankee,
Daddy Yankee,
Daddy Yankee,
Daddy Yankee,
Daddy Yankee,
Daddy Yankee,
Daddy Yankee,
Daddy Yankee,
Daddy Yankee,
Daddy Yankee,
Daddy Yankee,
Daddy Yankee,
Daddy Yankee,
Daddy Yankee,
Daddy Yankee,
Daddy Yankee,
Daddy Yankee,
Daddy Yankee,
Daddy Yankee,
Daddy Yankee,Glory
Daddy Yankee,Glory
Daddy Yankee,Glory
Daddy Yankee,Glory
Daddy Yankee,
Daddy Yankee,
Daddy Yankee,
Daddy Yankee,
Daddy Yankee,
Daddy Yankee,
Daddy Yankee,
Daddy Yankee,
Daddy Yankee,Glory
Daddy Yankee,Glory
Daddy Yankee,Glory
Daddy Yankee,Glory
Daddy Yankee,
Daddy Yankee,
Daddy Yankee,
Daddy Yankee,
Daddy Yankee,
Daddy Yankee,
Daddy Yankee,
Daddy Yankee,
Daddy Yankee,
Daddy Yankee,
Daddy Yankee,
Daddy Yankee,
Daddy Yankee,
Daddy Yankee,
Daddy Yankee,
Daddy Yankee,
Daddy Yankee,
Daddy Yankee,
Daddy Yankee,
Daddy Yankee,
Daddy Yankee,Glory
Daddy Yankee,Glory
Daddy Yankee,Glory
Daddy Yankee,Glory
Daddy Yankee,
Daddy Yankee,Tommy Viera
Daddy Yankee,Tommy Viera
Daddy Yankee,Tommy Viera
Daddy Yankee,Tommy Viera
Daddy Yankee,Tommy Viera
Daddy Yankee,Tommy Viera
Daddy Yankee,Tommy Viera
Daddy Yankee,Tommy Viera
Daddy Yankee,Tommy Viera
Daddy Yankee,Tommy Viera
Daddy Yankee,Tommy Viera
Daddy Yankee,Tommy Viera
Daddy Yankee,Tommy Viera
Tommy Viera,
Tommy Viera,
Tommy Viera,
Tommy Viera,
Tommy Viera,
Tommy Viera,
Tommy Viera,
Tommy Viera,
Tommy Viera,
Tommy Viera,
Tommy Viera,
Tommy Viera,
Daddy Yankee,Tommy Viera
Daddy Yankee,Tommy Viera
Daddy Yankee,Tommy Viera
Daddy Yankee,Tommy Viera
Daddy Yankee,Tommy Viera
Daddy Yankee,Tommy Viera
Daddy Yankee,Tommy Viera
Daddy Yankee,Tommy Viera
Daddy Yankee,Tommy Viera
Daddy Yankee,Tommy Viera
Daddy Yankee,Tommy Viera
Daddy Yankee,Tommy Viera
Daddy Yankee,Tommy Viera
Daddy Yankee,Tommy Viera
Daddy Yankee,Tommy Viera
Daddy Yankee,Tommy Viera
Daddy Yankee,Tommy Viera
Daddy Yankee,Tommy Viera
Daddy Yankee,Tommy Viera
Daddy Yankee,Tommy Viera
Daddy Yankee,Tommy Viera
Daddy Yankee,Tommy Viera
Daddy Yankee,Tommy Viera
Daddy Yankee,Tommy Viera
Daddy Yankee,Tommy Viera
Daddy Yankee,Tommy Viera
Daddy Yankee,Tommy Viera
Daddy Yankee,Tommy Viera
Daddy Yankee,Tommy Viera
Daddy Yankee,Tommy Viera
Daddy Yankee,Tommy Viera
Daddy Yankee,Tommy Viera
Daddy Yankee,Tommy Viera
Daddy Yankee,Tommy Viera
Daddy Yankee,Tommy Viera
Daddy Yankee,Tommy Viera
Daddy Yankee,Tommy Viera
Daddy Yankee,Tommy Viera
Daddy Yankee,Tommy Viera
Daddy Yankee,Tommy Viera
Daddy Yankee,Tommy Viera
Daddy Yankee,Tommy Viera
Daddy Yankee,Tommy Viera
Daddy Yankee,Tommy Viera
Daddy Yankee,
Daddy Yankee,
Daddy Yankee,
Daddy Yankee,
Daddy Yankee,
Daddy Yankee,
Daddy Yankee,
Daddy Yankee,
Daddy Yankee,
Daddy Yankee,
Daddy Yankee,
GavilÃ¡n,
GavilÃ¡n,
GavilÃ¡n,
GavilÃ¡n,
GavilÃ¡n,
GavilÃ¡n,
GavilÃ¡n,
GavilÃ¡n,
GavilÃ¡n,
GavilÃ¡n,
GavilÃ¡n,
GavilÃ¡n,
GavilÃ¡n,
GavilÃ¡n,
GavilÃ¡n,
GavilÃ¡n,
GavilÃ¡n,
GavilÃ¡n,
Daddy Yankee,
GavilÃ¡n,
GavilÃ¡n,
GavilÃ¡n,
GavilÃ¡n,
GavilÃ¡n,
GavilÃ¡n,
GavilÃ¡n,
GavilÃ¡n,
GavilÃ¡n,
GavilÃ¡n,
GavilÃ¡n,
GavilÃ¡n,
GavilÃ¡n,
GavilÃ¡n,
GavilÃ¡n,
GavilÃ¡n,
GavilÃ¡n,
GavilÃ¡n,
GavilÃ¡n,
GavilÃ¡n,
GavilÃ¡n,
GavilÃ¡n,
GavilÃ¡n,
Daddy Yankee,
Daddy Yankee,
Daddy Yankee,
Daddy Yankee,
Daddy Yankee,
Daddy Yankee,
Daddy Yankee,
Daddy Yankee,
Daddy Yankee,
Daddy Yankee,
Daddy Yankee,
Daddy Yankee,
Daddy Yankee,
Daddy Yankee,
Daddy Yankee,
Daddy Yankee,
Daddy Yankee,
Daddy Yankee,
Daddy Yankee,
Daddy Yankee,
Daddy Yankee,
Daddy Yankee,
Daddy Yankee,
Daddy Yankee,
Daddy Yankee,
Daddy Yankee,
Daddy Yankee,
Daddy Yankee,
Daddy Yankee,
Daddy Yankee,
Daddy Yankee,
Daddy Yankee,
Daddy Yankee,
Daddy Yankee,
Daddy Yankee,
Daddy Yankee,
Daddy Yankee,
Daddy Yankee,
Daddy Yankee,
Daddy Yankee,
Daddy Yankee,
Daddy Yankee,
Daddy Yankee,
Daddy Yankee,
Daddy Yankee,
Daddy Yankee,
Daddy Yankee,
Daddy Yankee,
Daddy Yankee,
Daddy Yankee,
Daddy Yankee,
Daddy Yankee,
Daddy Yankee,
Daddy Yankee,
Daddy Yankee,
Daddy Yankee,
Daddy Yankee,
Daddy Yankee,
Daddy Yankee,
Daddy Yankee,
Daddy Yankee,
Daddy Yankee,
Daddy Yankee,
Daddy Yankee,
Daddy Yankee,
Daddy Yankee,
Daddy Yankee,
Daddy Yankee,
Daddy Yankee,
Daddy Yankee,
Daddy Yankee,
Daddy Yankee,
Daddy Yankee,
Daddy Yankee,
Daddy Yankee,May-Be
Daddy Yankee,May-Be
Daddy Yankee,May-Be
Daddy Yankee,May-Be
Daddy Yankee,May-Be
Daddy Yankee,May-Be
Daddy Yankee,May-Be
Daddy Yankee,May-Be
Naldo,
Naldo,
Naldo,
Naldo,
Daddy Yankee,May-Be
Daddy Yankee,May-Be
Daddy Yankee,May-Be
Daddy Yankee,May-Be
Daddy Yankee,May-Be
Daddy Yankee,May-Be
Daddy Yankee,May-Be
Daddy Yankee,May-Be
Daddy Yankee,May-Be
Daddy Yankee,May-Be
Daddy Yankee,May-Be
Daddy Yankee,May-Be
Naldo,
Naldo,
Naldo,
Naldo,
Daddy Yankee,
Daddy Yankee,
Daddy Yankee,
Daddy Yankee,
Daddy Yankee,
Daddy Yankee,
Daddy Yankee,
Daddy Yankee,
Daddy Yankee,
Naldo,
Naldo,
Naldo,
Naldo,
Naldo,May-Be
Naldo,May-Be
Naldo,May-Be
Naldo,May-Be
Naldo,
Naldo,
Naldo,
Naldo,
Daddy Yankee,
Daddy Yankee,
Daddy Yankee,
Daddy Yankee,
Daddy Yankee,
Daddy Yankee,
Daddy Yankee,
Daddy Yankee,
Daddy Yankee,
Daddy Yankee,
Daddy Yankee,
Daddy Yankee,
Daddy Yankee,
Daddy Yankee,
Daddy Yankee,
Daddy Yankee,
Daddy Yankee,
Daddy Yankee,
Daddy Yankee,
Daddy Yankee,
Daddy Yankee,
Daddy Yankee,
Daddy Yankee,
Daddy Yankee,
Daddy Yankee,
Daddy Yankee,
Daddy Yankee,
Daddy Yankee,
Daddy Yankee,
Daddy Yankee,
Daddy Yankee,
Daddy Yankee,
Daddy Yankee,
Daddy Yankee,
Daddy Yankee,
Daddy Yankee,
Daddy Yankee,
Daddy Yankee,
Daddy Yankee,
Daddy Yankee,
Daddy Yankee,
Daddy Yankee,
Daddy Yankee,
Daddy Yankee,
Daddy Yankee,
Daddy Yankee,
Daddy Yankee,
Daddy Yankee,
Daddy Yankee,
Daddy Yankee,
Daddy Yankee,
Daddy Yankee,
Daddy Yankee,
Daddy Yankee,
Daddy Yankee,
Daddy Yankee,
Daddy Yankee,
Daddy Yankee,
Daddy Yankee,
Daddy Yankee,
Daddy Yankee,
Daddy Yankee,
Daddy Yankee,
Daddy Yankee,
Daddy Yankee,
Daddy Yankee,
Daddy Yankee,
Daddy Yankee,
Daddy Yankee,
Daddy Yankee,
Daddy Yankee,
Daddy Yankee,
Daddy Yankee,
Daddy Yankee,
Daddy Yankee,
Daddy Yankee,
Daddy Yankee,
Daddy Yankee,
Daddy Yankee,
Daddy Yankee,
Daddy Yankee,
Daddy Yankee,
Daddy Yankee,
Daddy Yankee,
Daddy Yankee,
Daddy Yankee,
Daddy Yankee,
Daddy Yankee,
Daddy Yankee,
Daddy Yankee,
Daddy Yankee,
Daddy Yankee,
Daddy Yankee,
Daddy Yankee,
Daddy Yankee,
Daddy Yankee,
Daddy Yankee,
Daddy Yankee,
Daddy Yankee,
Daddy Yankee,
Daddy Yankee,
Daddy Yankee,
Daddy Yankee,
Daddy Yankee,
Daddy Yankee,
Daddy Yankee,
Daddy Yankee,
Daddy Yankee,
Daddy Yankee,
Daddy Yankee,
Daddy Yankee,
Daddy Yankee,
Daddy Yankee,
Daddy Yankee,
Daddy Yankee,
Daddy Yankee,
Daddy Yankee,
Daddy Yankee,
Daddy Yankee,
Daddy Yankee,
Daddy Yankee,
Daddy Yankee,
Daddy Yankee,
Daddy Yankee,
Daddy Yankee,
Daddy Yankee,
Daddy Yankee,
Daddy Yankee,
Daddy Yankee,
Daddy Yankee,
Daddy Yankee,
Daddy Yankee,
Daddy Yankee,
Daddy Yankee,
Daddy Yankee,
Daddy Yankee,
Daddy Yankee,
Daddy Yankee,
Daddy Yankee,
Daddy Yankee,
Daddy Yankee,
Daddy Yankee,
Daddy Yankee,
Daddy Yankee,
Daddy Yankee,
Daddy Yankee,
Daddy Yankee,
Daddy Yankee,
Daddy Yankee,
Daddy Yankee,
Daddy Yankee,
Daddy Yankee,Yandel
Daddy Yankee,Yandel
Daddy Yankee,Yandel
Daddy Yankee,Yandel
Daddy Yankee,Yandel
Yandel,Glory
Yandel,Glory
Yandel,Glory
Yandel,Glory
Daddy Yankee,
Daddy Yankee,
Daddy Yankee,
Daddy Yankee,
Daddy Yankee,
Daddy Yankee,
Daddy Yankee,
Daddy Yankee,
Daddy Yankee,
Yandel,Glory
Yandel,Glory
Yandel,Glory
Yandel,Glory
Daddy Yankee,Wisin
Daddy Yankee,Wisin
Daddy Yankee,Wisin
Daddy Yankee,Wisin
Daddy Yankee,Wisin
Daddy Yankee,Wisin
Daddy Yankee,Wisin
Daddy Yankee,Wisin
Yandel,Glory
Yandel,Glory
Yandel,Glory
Yandel,Glory
Daddy Yankee,Yandel
Daddy Yankee,Yandel
Daddy Yankee,Yandel
Daddy Yankee,Yandel
Daddy Yankee,Yandel
Daddy Yankee,Yandel
Daddy Yankee,Yandel
Daddy Yankee,Yandel
Daddy Yankee,Yandel
Daddy Yankee,Yandel
Daddy Yankee,Yandel
Daddy Yankee,
Daddy Yankee,
Daddy Yankee,
Daddy Yankee,
Daddy Yankee,
Daddy Yankee,
Daddy Yankee,
Daddy Yankee,
Daddy Yankee,
Daddy Yankee,
Daddy Yankee,
Daddy Yankee,
Daddy Yankee,
Daddy Yankee,
Daddy Yankee,
Daddy Yankee,
Daddy Yankee,
Daddy Yankee,
Daddy Yankee,
Daddy Yankee,
Daddy Yankee,
Daddy Yankee,
Daddy Yankee,
Daddy Yankee,
Daddy Yankee,
Daddy Yankee,
Daddy Yankee,
Daddy Yankee,
Daddy Yankee,
Daddy Yankee,
Daddy Yankee,
Daddy Yankee,
Daddy Yankee,
Daddy Yankee,
Daddy Yankee,
Daddy Yankee,
Daddy Yankee,
Daddy Yankee,
Daddy Yankee,
Daddy Yankee,
Daddy Yankee,
Daddy Yankee,
Daddy Yankee,
Daddy Yankee,
Daddy Yankee,
Daddy Yankee,
Daddy Yankee,
Daddy Yankee,
Daddy Yankee,
Daddy Yankee,
Daddy Yankee,
Daddy Yankee,
Daddy Yankee,
Daddy Yankee,
Daddy Yankee,
Daddy Yankee,
Daddy Yankee,
Daddy Yankee,
Daddy Yankee,
Daddy Yankee,
Daddy Yankee,
Daddy Yankee,
Daddy Yankee,
Daddy Yankee,
Daddy Yankee,
Daddy Yankee,
Daddy Yankee,
Daddy Yankee,
Daddy Yankee,
Daddy Yankee,
Daddy Yankee,
Daddy Yankee,
Daddy Yankee,
Daddy Yankee,
Daddy Yankee,
Daddy Yankee,
Daddy Yankee,
Daddy Yankee,
Daddy Yankee,
Daddy Yankee,
Daddy Yankee,
Daddy Yankee,
Daddy Yankee,
Daddy Yankee,
Daddy Yankee,
Daddy Yankee,
Daddy Yankee,
Daddy Yankee,
Daddy Yankee,
Daddy Yankee,
Daddy Yankee,
Daddy Yankee,
Daddy Yankee,
Daddy Yankee,
Daddy Yankee,
Daddy Yankee,
Daddy Yankee,
Daddy Yankee,
Daddy Yankee,
Daddy Yankee,
Daddy Yankee,
Daddy Yankee,
Daddy Yankee,
Daddy Yankee,
Daddy Yankee,
Daddy Yankee,
Daddy Yankee,
Daddy Yankee,
Daddy Yankee,
Daddy Yankee,
Daddy Yankee,
Daddy Yankee,
Daddy Yankee,
Daddy Yankee,
Daddy Yankee,
Daddy Yankee,
Daddy Yankee,
Daddy Yankee,
Daddy Yankee,
Daddy Yankee,
Daddy Yankee,
Daddy Yankee,
Daddy Yankee,
Daddy Yankee,
Daddy Yankee,
Daddy Yankee,
Daddy Yankee,
Daddy Yankee,
Daddy Yankee,
Daddy Yankee,
Daddy Yankee,
Daddy Yankee,
Daddy Yankee,
Daddy Yankee,
Daddy Yankee,
Daddy Yankee,
Daddy Yankee,
Daddy Yankee,
Daddy Yankee,
Daddy Yankee,
Daddy Yankee,Andy MontaÃ±ez
Daddy Yankee,Andy MontaÃ±ez
Daddy Yankee,Andy MontaÃ±ez
Daddy Yankee,Andy MontaÃ±ez
Daddy Yankee,Andy MontaÃ±ez
Daddy Yankee,Andy MontaÃ±ez
Daddy Yankee,Andy MontaÃ±ez
Daddy Yankee,Andy MontaÃ±ez
Daddy Yankee,
Daddy Yankee,
Daddy Yankee,
Daddy Yankee,
Daddy Yankee,
Daddy Yankee,
Daddy Yankee,
Daddy Yankee,
Daddy Yankee,
Daddy Yankee,
Daddy Yankee,
Daddy Yankee,
Daddy Yankee,
Daddy Yankee,
Daddy Yankee,
Daddy Yankee,
Daddy Yankee,
Daddy Yankee,
Daddy Yankee,
Daddy Yankee,
Daddy Yankee,Andy MontaÃ±ez
Daddy Yankee,Andy MontaÃ±ez
Daddy Yankee,Andy MontaÃ±ez
Daddy Yankee,Andy MontaÃ±ez
Daddy Yankee,Andy MontaÃ±ez
Daddy Yankee,Andy MontaÃ±ez
Daddy Yankee,Andy MontaÃ±ez
Daddy Yankee,Andy MontaÃ±ez
Daddy Yankee,Andy MontaÃ±ez
Daddy Yankee,Andy MontaÃ±ez
Daddy Yankee,Andy MontaÃ±ez
Daddy Yankee,Andy MontaÃ±ez
Daddy Yankee,
Daddy Yankee,
Daddy Yankee,
Daddy Yankee,
Daddy Yankee,
Daddy Yankee,
Daddy Yankee,
Daddy Yankee,
Daddy Yankee,
Daddy Yankee,
Daddy Yankee,
Daddy Yankee,
Daddy Yankee,
Daddy Yankee,
Daddy Yankee,
Daddy Yankee,
Daddy Yankee,
Daddy Yankee,
Daddy Yankee,
Daddy Yankee,
Daddy Yankee,
Daddy Yankee,
Daddy Yankee,
Daddy Yankee,
Daddy Yankee,
Daddy Yankee,
Daddy Yankee,Andy MontaÃ±ez
Daddy Yankee,Andy MontaÃ±ez
Daddy Yankee,Andy MontaÃ±ez
Daddy Yankee,Andy MontaÃ±ez
Daddy Yankee,Andy MontaÃ±ez
Daddy Yankee,Andy MontaÃ±ez
Daddy Yankee,Andy MontaÃ±ez
Daddy Yankee,Andy MontaÃ±ez
Daddy Yankee,Andy MontaÃ±ez
Daddy Yankee,Andy MontaÃ±ez
Daddy Yankee,Andy MontaÃ±ez
Daddy Yankee,Andy MontaÃ±ez
Daddy Yankee,Andy MontaÃ±ez
Daddy Yankee,Andy MontaÃ±ez
Daddy Yankee,Andy MontaÃ±ez
Daddy Yankee,Andy MontaÃ±ez
Daddy Yankee,Andy MontaÃ±ez
Daddy Yankee,Andy MontaÃ±ez
Daddy Yankee,Andy MontaÃ±ez
Daddy Yankee,Andy MontaÃ±ez
Daddy Yankee,Andy MontaÃ±ez
Daddy Yankee,Andy MontaÃ±ez
Daddy Yankee,Andy MontaÃ±ez
Daddy Yankee,Andy MontaÃ±ez
Daddy Yankee,Andy MontaÃ±ez
Daddy Yankee,Andy MontaÃ±ez
Daddy Yankee,Andy MontaÃ±ez
Daddy Yankee,Andy MontaÃ±ez
Daddy Yankee,Andy MontaÃ±ez
Daddy Yankee,
Daddy Yankee,Andy MontaÃ±ez
Daddy Yankee,Andy MontaÃ±ez
Daddy Yankee,Andy MontaÃ±ez
Daddy Yankee,Andy MontaÃ±ez
Daddy Yankee,Andy MontaÃ±ez
Daddy Yankee,Andy MontaÃ±ez
Daddy Yankee,Andy MontaÃ±ez
Daddy Yankee,Andy MontaÃ±ez
Daddy Yankee,
Daddy Yankee,
Daddy Yankee,
Daddy Yankee,
Daddy Yankee,
Daddy Yankee,
Daddy Yankee,
Daddy Yankee,
Daddy Yankee,
Daddy Yankee,
Daddy Yankee,
Daddy Yankee,
Daddy Yankee,
Daddy Yankee,
Daddy Yankee,
Daddy Yankee,
Daddy Yankee,
Daddy Yankee,
Daddy Yankee,
Daddy Yankee,
Andy MontaÃ±ez,
Andy MontaÃ±ez,
Andy MontaÃ±ez,
Andy MontaÃ±ez,
Andy MontaÃ±ez,
Andy MontaÃ±ez,
Andy MontaÃ±ez,
Andy MontaÃ±ez,
Andy MontaÃ±ez,
Andy MontaÃ±ez,
Andy MontaÃ±ez,
Andy MontaÃ±ez,
Daddy Yankee,
Daddy Yankee,
Daddy Yankee,
Daddy Yankee,
Daddy Yankee,
Daddy Yankee,
Daddy Yankee,
Daddy Yankee,
Daddy Yankee,
Daddy Yankee,
Daddy Yankee,
Daddy Yankee,
Daddy Yankee,
Daddy Yankee,
Daddy Yankee,
Daddy Yankee,
Daddy Yankee,
Daddy Yankee,
Daddy Yankee,
Daddy Yankee,
Daddy Yankee,
Daddy Yankee,
Daddy Yankee,
Daddy Yankee,
Daddy Yankee,
Daddy Yankee,
Daddy Yankee,
Daddy Yankee,
Daddy Yankee,
Daddy Yankee,
Daddy Yankee,
Daddy Yankee,
Daddy Yankee,
Daddy Yankee,
Daddy Yankee,
Daddy Yankee,
Daddy Yankee,
Daddy Yankee,
Daddy Yankee,
Andy MontaÃ±ez,
Andy MontaÃ±ez,
Andy MontaÃ±ez,
Andy MontaÃ±ez,
Andy MontaÃ±ez,
Andy MontaÃ±ez,
Andy MontaÃ±ez,
Andy MontaÃ±ez,
Andy MontaÃ±ez,
Andy MontaÃ±ez,
Andy MontaÃ±ez,
Andy MontaÃ±ez,
Andy MontaÃ±ez,
Daddy Yankee,
Daddy Yankee,
Daddy Yankee,
Daddy Yankee,
Daddy Yankee,
Daddy Yankee,
Daddy Yankee,
Daddy Yankee,
Daddy Yankee,
Daddy Yankee,
Daddy Yankee,
Daddy Yankee,
Daddy Yankee,
Daddy Yankee,
Daddy Yankee,
Daddy Yankee,
Daddy Yankee,
Daddy Yankee,
Daddy Yankee,
Daddy Yankee,
Daddy Yankee,
Daddy Yankee,
Daddy Yankee,
Daddy Yankee,
Daddy Yankee,
Daddy Yankee,
Daddy Yankee,
Daddy Yankee,
Daddy Yankee,
Daddy Yankee,
Daddy Yankee,
Daddy Yankee,
Daddy Yankee,
Daddy Yankee,
Daddy Yankee,
Daddy Yankee,
Daddy Yankee,
Daddy Yankee,
Daddy Yankee,
Daddy Yankee,
Daddy Yankee,
Daddy Yankee,
Daddy Yankee,
Daddy Yankee,
Daddy Yankee,
Daddy Yankee,
Daddy Yankee,
Daddy Yankee,
Daddy Yankee,
Daddy Yankee,
Daddy Yankee,
Daddy Yankee,
Daddy Yankee,
Daddy Yankee,
Daddy Yankee,
Daddy Yankee,
Daddy Yankee,
Daddy Yankee,
Daddy Yankee,
Daddy Yankee,
Daddy Yankee,
Daddy Yankee,
Daddy Yankee,
Daddy Yankee,
Daddy Yankee,
Daddy Yankee,
Daddy Yankee,
Daddy Yankee,
Daddy Yankee,
Daddy Yankee,
Daddy Yankee,
Daddy Yankee,
Daddy Yankee,
Daddy Yankee,
Daddy Yankee,
Daddy Yankee,
Daddy Yankee,
Daddy Yankee,
Daddy Yankee,
Daddy Yankee,
Daddy Yankee,
Daddy Yankee,
Daddy Yankee,
Daddy Yankee,
Daddy Yankee,
Daddy Yankee,
Daddy Yankee,
Daddy Yankee,
Daddy Yankee,
Daddy Yankee,
Daddy Yankee,
Daddy Yankee,
Daddy Yankee,
Daddy Yankee,
Daddy Yankee,
Daddy Yankee,
Daddy Yankee,
Daddy Yankee,
Daddy Yankee,
Daddy Yankee,
Daddy Yankee,
Daddy Yankee,
Daddy Yankee,
Daddy Yankee,
Daddy Yankee,
Daddy Yankee,
Daddy Yankee,
Daddy Yankee,
Daddy Yankee,
Daddy Yankee,
Daddy Yankee,
Daddy Yankee,
Daddy Yankee,
Daddy Yankee,
Daddy Yankee,
Daddy Yankee,
Daddy Yankee,
Daddy Yankee,
Daddy Yankee,
Daddy Yankee,
Daddy Yankee,
Daddy Yankee,
Daddy Yankee,
Daddy Yankee,
Daddy Yankee,
Daddy Yankee,
Daddy Yankee,
Daddy Yankee,
Daddy Yankee,
Daddy Yankee,
Daddy Yankee,
Daddy Yankee,
Daddy Yankee,
Daddy Yankee,Zion
Daddy Yankee,Zion
Daddy Yankee,Zion
Daddy Yankee,Zion
Daddy Yankee,Zion
Daddy Yankee,Zion
Daddy Yankee,Zion
Daddy Yankee,Zion
Daddy Yankee,Zion
Daddy Yankee,Zion
Daddy Yankee,Zion
Daddy Yankee,Zion
Daddy Yankee,Zion
Daddy Yankee,Zion
Daddy Yankee,Zion
Daddy Yankee,
Daddy Yankee,
Daddy Yankee,
Daddy Yankee,
Daddy Yankee,
Daddy Yankee,
Daddy Yankee,
Daddy Yankee,
Daddy Yankee,
Daddy Yankee,
Daddy Yankee,
Daddy Yankee,
Daddy Yankee,
Daddy Yankee,
Zion,
Zion,
Zion,
Zion,
Zion,
Zion,
Zion,
Zion,
Lennox,
Lennox,
Lennox,
Lennox,
Lennox,
Lennox,
Lennox,
Lennox,
Lennox,
Lennox,
Lennox,
Lennox,
Daddy Yankee,
Daddy Yankee,
Daddy Yankee,
Daddy Yankee,
Daddy Yankee,
Daddy Yankee,
Daddy Yankee,
Daddy Yankee,
Daddy Yankee,
Daddy Yankee,Zion
Daddy Yankee,Zion
Daddy Yankee,Zion
Daddy Yankee,Zion
Daddy Yankee,Zion
Zion,
Zion,
Zion,
Zion,
Zion,
Zion,
Zion,
Zion,
Daddy Yankee,Zion
Daddy Yankee,Zion
Daddy Yankee,Zion
Daddy Yankee,Zion
Daddy Yankee,Zion
Daddy Yankee,Zion
Daddy Yankee,Zion
Daddy Yankee,Zion
Daddy Yankee,Zion
